id,sequence,length,mw,charge,gravy,binding_score
PEP022,VTQIFNNWFWL,11,1466.0,0.0,0.4636363636363636,-5.374514049084073
PEP018,WNGLSNSWVW,10,1247.0,0.0,-0.37,-5.104588618362016
PEP002,AKSWFVSTWV,10,1209.0,1.0,0.5,-4.729110700489798
PEP011,SLSINQSLWIWP,12,1442.0,0.0,0.3166666666666666,-4.3302565546909495
PEP047,DATKFWTPVIVQ,12,1403.0,0.0,0.225,-4.175916826478687
PEP005,WWALIAENS,9,1088.0,-1.0,0.25555555555555554,-3.5810092368581716
PEP042,WFVESTAWQST,11,1340.0,-1.0,-0.2727272727272727,-3.49430910135351
PEP039,QLQINWNVIAIQ,12,1438.0,0.0,0.4083333333333334,-3.401891175195719
PEP012,VSEIFTVWQN,10,1221.0,-1.0,0.28,-3.2747656828635656
PEP043,QVAFQTDF,8,954.0,-1.0,0.04999999999999999,-2.914574213319627
